{"schemaVersion":"1.0","appDefinitionTemplate":{"id":"/providers/Microsoft.PowerApps/apps/","type":"Microsoft.PowerApps/apps","tags":{"primaryDeviceWidth":"640","primaryDeviceHeight":"1136","sienaVersion":"20210412T150823Z-3.21034.27.0","deviceCapabilities":"webcam","supportsPortrait":"true","supportsLandscape":"false","primaryFormFactor":"Phone","publisherVersion":"3.21034.27","minimumRequiredApiVersion":"2.2.0","hasComponent":"false","hasUnlockedComponent":"false","isUnifiedRootApp":"false"},"properties":{"appVersion":"2021-04-12T15:08:23Z","lifeCycleId":"Published","createdByClientVersion":{"major":3,"minor":21034,"build":27,"revision":0,"majorRevision":0,"minorRevision":0},"minClientVersion":{"major":3,"minor":21034,"build":27,"revision":0,"majorRevision":0,"minorRevision":0},"backgroundColor":"rgba(251, 101, 60, 1)","backgroundImageUri":"/13216476257368036461/N540c3d82-2c55-4c16-9981-cc6ab05ce9a2-logoSmallFile","displayName":"BC Barcode v1","description":"","commitMessage":"","appUris":{"documentUri":{"value":"/13216476257368036461/Ned2ecb0d-700c-4c53-af39-0b8dcb030825-document.msapp"},"imageUris":[]},"createdTime":"0001-01-01T00:00:00Z","lastModifiedTime":"0001-01-01T00:00:00Z","sharedGroupsCount":0,"sharedUsersCount":0,"icons":{"smallIconUri":"/13216476257368036461/N2e83e9d7-1e2f-422a-b296-62f00bf92462-small.png","mediumIconUri":"/13216476257368036461/Naf04a938-614e-4df7-a21b-4f8cf849a77e-medium.png","largeIconUri":"/13216476257368036461/N46171ee2-4588-44ac-96d6-445294b3c977-large.png","wideIconUri":"/13216476257368036461/N564c0564-43d1-43a5-a0b6-99e958f39f34-wide.png"},"connectionReferences":{"f0be93a2-530d-4ba4-8f1d-6f2063411383":{"id":"6f312364-6f9b-4dad-b1ef-523444091abe","displayName":"Business Central","iconUri":"https://connectoricons-prod.azureedge.net/katwan/smb_fast_build/1.0.1455.2369/dynamicssmbsaas/icon.png","dataSources":["salesOrders,v2.0","customers,v2.0"],"dependencies":[],"dependents":[],"parameterHints":{},"isOnPremiseConnection":false,"bypassConsent":false,"dataSets":{"CRONUS,b2e35505-1378-eb11-b853-000d3a258b0d":{"dataSources":{"salesOrders,v2.0":{"tableName":"salesOrders,v2.0"},"customers,v2.0":{"tableName":"customers,v2.0"}}}},"apiTier":"Premium","isCustomApiConnection":false},"535764af-02dc-42d7-a2ae-2216e750ab81":{"id":"0b34edd0-ff5f-49ab-b530-8ec733b43af3","displayName":"SharePoint","iconUri":"https://connectoricons-prod.azureedge.net/releases/v1.0.1451/1.0.1451.2361/sharepointonline/icon.png","dataSources":["BC Barcodes"],"dependencies":[],"dependents":[],"parameterHints":{},"isOnPremiseConnection":false,"bypassConsent":false,"dataSets":{"https://crmbc794774.sharepoint.com/":{"dataSources":{"BC Barcodes":{"tableName":"86f33f48-adc6-437f-ab29-0e93211973c0"}}}},"apiTier":"Standard","isCustomApiConnection":false}},"databaseReferences":{},"almMode":"Environment","performanceOptimizationEnabled":true,"canConsumeAppPass":true,"executionRestrictions":{"isTeamsOnly":false,"dataLossPreventionEvaluationResult":{"status":"Compliant","lastEvaluationDate":"2021-03-22T13:37:54.0884328Z","violationDetails":[]}}},"isAppComponentLibrary":false,"appType":"ClassicCanvasApp","appComponents":[]}}